
CREATE TABLE DEPARTAMENTO
       (    IDDEPTO DECIMAL(2)  PRIMARY KEY,
	    NOMEDEPARTAMENTO VARCHAR(14) NOT NULL,
	    LOCAL VARCHAR(13)  NOT NULL);
	    
CREATE TABLE FUNCAO
       (    IDFUNCAO decimal(2) PRIMARY KEY,
	    NOMEFUNCAO VARCHAR(14) NOT NULL);	    
	    
CREATE TABLE EMPREGADO
       (IDEMP decimal(4) PRIMARY KEY,
	NOMEEMPREGADO VARCHAR(10)  NOT NULL,
	IDFUNCAO VARCHAR(9),
	GERENTE DECIMAL(4),
	SALARIO DECIMAL(7,2),
	COMISSAO DECIMAL(7,2),
	DEPTNO DECIMAL(2) REFERENCES DEPARTAMENTO,
        SEXO VARCHAR(01) CHECK(SEXO IN ('F','M')) );	  
        
        
INSERT INTO DEPARTAMENTO VALUES (10,'ACCOUNTING','NEW YORK');
INSERT INTO DEPARTAMENTO VALUES (20,'RESEARCH','DALLAS');
INSERT INTO DEPARTAMENTO VALUES	(30,'SALES','CHICAGO');
INSERT INTO DEPARTAMENTO VALUES	(40,'OPERATIONS','BOSTON');  

INSERT INTO FUNCAO (IDFUNCAO, NOMEFUNCAO) VALUES (1,'CLERK');
INSERT INTO FUNCAO (IDFUNCAO, NOMEFUNCAO) VALUES (2,'VENDEDOR');
INSERT INTO FUNCAO (IDFUNCAO, NOMEFUNCAO) VALUES (3,'DIRETOR');
INSERT INTO FUNCAO (IDFUNCAO, NOMEFUNCAO) VALUES (4,'ANALISTA');
INSERT INTO FUNCAO (IDFUNCAO, NOMEFUNCAO) VALUES (5,'PRESIDENTE');


INSERT INTO EMPREGADO VALUES (7369,'SMITH',1,7902,800,NULL,20,'M');
INSERT INTO EMPREGADO VALUES (7499,'ALINE',2,7698,1600,300,30,'F');
INSERT INTO EMPREGADO VALUES (7521,'VITORIA',2,7698,1250,500,30,'F');
INSERT INTO EMPREGADO VALUES (7566,'JONES',3,7839,2975,NULL,20,'M');
INSERT INTO EMPREGADO VALUES (7654,'MARCELA',2,76981250,1400,30,'F');
INSERT INTO EMPREGADO VALUES (7698,'BLAKE',3,7839,2850,NULL,30,'M');
INSERT INTO EMPREGADO VALUES (7782,'CLARK',3,7839,2450,NULL,10,'M');
INSERT INTO EMPREGADO VALUES (7788,'SCOTT',4,7566,3000,NULL,20,'M');
INSERT INTO EMPREGADO VALUES (7839,'KING',5,NULL,5000,NULL,10,'M');
INSERT INTO EMPREGADO VALUES (7844,'TANIA',2,7698,1500,0,30,'F');
INSERT INTO EMPREGADO VALUES (7876,'ADAMS',1,7788,1100,NULL,20,'M');
INSERT INTO EMPREGADO VALUES (7900,'JAMES',1,7698,950,NULL,30,'M');
INSERT INTO EMPREGADO VALUES (7902,'FORD',4,7566,3000,NULL,20,'M');
INSERT INTO EMPREGADO VALUES (7934,'MILENA',1,7782,1300,NULL,10,'F');



	
